"market_id","created_at","title","ticker","strike_price","deadline","price_lvl","yes_price","resolution"
5689,"2025-07-15 10:07:07.658","ðŸ’Ž $BTC above $116770.23 on Jul 16, 10:00 UTC?","BTC","116770.23","Jul 16, 10:00 UTC",2,0.55,"YES"
5690,"2025-07-15 10:08:17.298","ðŸ’Ž $BTC above $114434.82 on Jul 16, 10:00 UTC?","BTC","114434.82","Jul 16, 10:00 UTC",1,0.81,"YES"
5691,"2025-07-15 10:08:59.308","ðŸ’Ž $BTC above $119105.63 on Jul 16, 10:00 UTC?","BTC","119105.63","Jul 16, 10:00 UTC",3,0.27000000000000000000,"YES"
5764,"2025-07-16 10:07:11.634","ðŸ’Ž $BTC above $119164.14 on Jul 17, 10:00 UTC?","BTC","119164.14","Jul 17, 10:00 UTC",2,0.55,"NO"
5768,"2025-07-16 13:57:50.618","ðŸ’Ž $BTC above $116780.85 on Jul 17, 10:00 UTC?","BTC","116780.85","Jul 17, 10:00 UTC",1,0.75000000000000000000,"YES"
5769,"2025-07-16 13:58:26.857","ðŸ’Ž $BTC above $121547.42 on Jul 17, 10:00 UTC?","BTC","121547.42","Jul 17, 10:00 UTC",3,0.25000000000000000000,"NO"
5792,"2025-07-17 10:07:10.620","ðŸ’Ž $BTC above $118631.01 on Jul 18, 10:00 UTC?","BTC","118631.01","Jul 18, 10:00 UTC",2,0.55000000000000000000,"YES"
5793,"2025-07-17 10:08:09.578","ðŸ’Ž $BTC above $116258.38 on Jul 18, 10:00 UTC?","BTC","116258.38","Jul 18, 10:00 UTC",1,0.83000000000000000000,"YES"
5794,"2025-07-17 10:08:38.499","ðŸ’Ž $BTC above $121003.63 on Jul 18, 10:00 UTC?","BTC","121003.63","Jul 18, 10:00 UTC",3,0.21000000000000000000,"NO"
5826,"2025-07-18 10:07:11.292","ðŸ’Ž $BTC above $118848.67 on Jul 19, 10:00 UTC?","BTC","118848.67","Jul 19, 10:00 UTC",1,0.99000000000000000000,"NO"
5828,"2025-07-18 11:01:25.308","ðŸ’Ž $BTC above $116471.69 on Jul 19, 09:00 UTC?","BTC","116471.69","Jul 19, 09:00 UTC",1,0.99900000000000000000,"YES"
5829,"2025-07-18 11:02:16.471","ðŸ’Ž $BTC above $121225.64 on Jul 19, 10:00 UTC?","BTC","121225.64","Jul 19, 10:00 UTC",2,0.80000000000000000000,"NO"
5883,"2025-07-19 10:03:42.659","ðŸ’Ž $BTC above $118326.62 on Jul 20, 10:00 UTC?","BTC","118326.62","Jul 20, 10:00 UTC",2,0.55000000000000000000,"NO"
5884,"2025-07-19 10:05:26.638","ðŸ’Ž $BTC above $115960.08 on Jul 20, 10:00 UTC?","BTC","115960.08","Jul 20, 10:00 UTC",1,0.77000000000000000000,"YES"
5885,"2025-07-19 10:05:58.688","ðŸ’Ž $BTC above $120693.15 on Jul 20, 10:00 UTC?","BTC","120693.15","Jul 20, 10:00 UTC",3,0.13000000000000000000,"NO"
5910,"2025-07-20 10:07:10.931","ðŸ’Ž $BTC above $118015.84 on Jul 21, 10:00 UTC?","BTC","118015.84","Jul 21, 10:00 UTC",2,0.63000000000000000000,"YES"
5911,"2025-07-20 10:50:39.029","ðŸ’Ž $BTC above $115655.52 on Jul 21, 10:00 UTC?","BTC","115655.52","Jul 21, 10:00 UTC",1,0.85000000000000000000,"YES"
5912,"2025-07-20 10:51:25.213","ðŸ’Ž $BTC above $120376.15 on Jul 21, 10:00 UTC?","BTC","120376.15","Jul 21, 10:00 UTC",3,0.27000000000000000000,"NO"
5940,"2025-07-21 10:07:11.242","ðŸ’Ž $BTC above $118730.75 on Jul 22, 10:00 UTC?","BTC","118730.75","Jul 22, 10:00 UTC",2,0.60000000000000000000,"NO"
5942,"2025-07-21 11:21:11.281","ðŸ’Ž $BTC above $116356.13 on Jul 22, 10:00 UTC?","BTC","116356.13","Jul 22, 10:00 UTC",1,0.94000000000000000000,"YES"
5943,"2025-07-21 11:21:41.746","ðŸ’Ž $BTC above $121105.36 on Jul 22, 10:00 UTC?","BTC","121105.36","Jul 22, 10:00 UTC",3,0.21000000000000000000,"NO"
5974,"2025-07-22 10:07:11.187","ðŸ’Ž $BTC above $118520.65 on Jul 23, 10:00 UTC?","BTC","118520.65","Jul 23, 10:00 UTC",2,0.62000000000000000000,"NO"
5976,"2025-07-22 11:48:53.869","ðŸ’Ž $BTC above $116150.23 on Jul 23, 10:00 UTC?","BTC","116150.23","Jul 23, 10:00 UTC",1,0.95000000000000000000,"YES"
5977,"2025-07-22 11:49:22.384","ðŸ’Ž $BTC above $120891.06 on Jul 23, 10:00 UTC?","BTC","120891.06","Jul 23, 10:00 UTC",3,0.30000000000000000000,"NO"
6004,"2025-07-23 10:07:14.691","ðŸ’Ž $BTC above $118086.51 on Jul 24, 10:00 UTC?","BTC","118086.51","Jul 24, 10:00 UTC",2,0.69000000000000000000,"YES"
6005,"2025-07-23 10:09:04.067","ðŸ’Ž $BTC above $115724.77 on Jul 24, 10:00 UTC?","BTC","115724.77","Jul 24, 10:00 UTC",1,0.97000000000000000000,"YES"
6006,"2025-07-23 10:09:33.864","ðŸ’Ž $BTC above $120448.24 on Jul 24, 10:00 UTC?","BTC","120448.24","Jul 24, 10:00 UTC",3,0.21000000000000000000,"NO"
6042,"2025-07-24 10:07:12.849","ðŸ’Ž $BTC above $118497.61 on Jul 25, 10:00 UTC?","BTC","118497.61","Jul 25, 10:00 UTC",2,0.52,"NO"
6043,"2025-07-24 10:11:28.276","ðŸ’Ž $BTC above $116127.65 on Jul 25, 10:00 UTC?","BTC","116127.65","Jul 25, 10:00 UTC",1,0.92000000000000000000,"NO"
6044,"2025-07-24 10:11:48.994","ðŸ’Ž $BTC above $120867.56 on Jul 25, 10:00 UTC?","BTC","120867.56","Jul 25, 10:00 UTC",3,0.14,"NO"
6072,"2025-07-25 10:01:52.378","ðŸ’Ž $BTC above $116063.00 on Jul 26, 10:00 UTC?","BTC","116063.00","Jul 26, 10:00 UTC",2,0.58000000000000000000,"YES"
6073,"2025-07-25 10:03:19.063","ðŸ’Ž $BTC above $118384.26 on Jul 26, 10:00 UTC?","BTC","118384.26","Jul 26, 10:00 UTC",3,0.07000000000000000000,"NO"
6074,"2025-07-25 10:03:53.823","ðŸ’Ž $BTC above $113741.74 on Jul 26, 10:00 UTC?","BTC","113741.74","Jul 26, 10:00 UTC",1,0.81000000000000000000,"YES"
6121,"2025-07-26 09:23:02.992","ðŸ’Ž $BTC above $117588.25 on Jul 27, 10:00 UTC?","BTC","117588.25","Jul 27, 10:00 UTC",2,0.64000000000000000000,"YES"
6122,"2025-07-26 09:23:54.109","ðŸ’Ž $BTC above $116412.36 on Jul 27, 10:00 UTC?","BTC","116412.36","Jul 27, 10:00 UTC",1,0.97000000000000000000,"YES"
6123,"2025-07-26 09:24:10.996","ðŸ’Ž $BTC above $118764.13 on Jul 27, 10:00 UTC?","BTC","118764.13","Jul 27, 10:00 UTC",3,0.22000000000000000000,"NO"
6149,"2025-07-27 10:07:10.543","ðŸ’Ž $BTC above $118128.45 on Jul 28, 10:00 UTC?","BTC","118128.45","Jul 28, 10:00 UTC",1,0.4,"YES"
6177,"2025-07-28 10:07:10.690","ðŸ’Ž $BTC above $118872.85 on Jul 29, 10:00 UTC?","BTC","118872.85","Jul 29, 10:00 UTC",2,0.50000000000000000000,"NO"
6178,"2025-07-28 10:10:30.567","ðŸ’Ž $BTC above $116495.39 on Jul 29, 10:00 UTC?","BTC","116495.39","Jul 29, 10:00 UTC",1,0.96000000000000000000,"YES"
6179,"2025-07-28 10:11:01.811","ðŸ’Ž $BTC above $121250.30 on Jul 29, 10:00 UTC?","BTC","121250.30","Jul 29, 10:00 UTC",3,0.01,"NO"
6242,"2025-07-29 10:07:11.102","ðŸ’Ž $BTC above $118672.63 on Jul 30, 10:00 UTC?","BTC","118672.63","Jul 30, 10:00 UTC",2,0.394,"NO"
6243,"2025-07-29 10:11:38.824","ðŸ’Ž $BTC above $121046.08 on Jul 30, 10:00 UTC?","BTC","121046.08","Jul 30, 10:00 UTC",3,0.02,"NO"
6244,"2025-07-29 10:11:56.462","ðŸ’Ž $BTC above $116299.17 on Jul 30, 10:00 UTC?","BTC","116299.17","Jul 30, 10:00 UTC",1,0.87396504097864788029,"YES"
6272,"2025-07-30 10:07:14.818","ðŸ’Ž $BTC above $118329.20 on Jul 31, 10:00 UTC?","BTC","118329.20","Jul 31, 10:00 UTC",2,0.38,"YES"
6273,"2025-07-30 10:16:19.835","ðŸ’Ž $BTC above $115962.61 on Jul 31, 10:00 UTC?","BTC","115962.61","Jul 31, 10:00 UTC",1,0.85,"YES"
6274,"2025-07-30 10:16:46.186","ðŸ’Ž $BTC above $120695.78 on Jul 31, 10:00 UTC?","BTC","120695.78","Jul 31, 10:00 UTC",3,0.099,"NO"
6303,"2025-07-31 10:00:42.695","ðŸ’Ž $BTC above $116219.02 on Aug 1, 10:00 UTC?","BTC","116219.02","Aug 1, 10:00 UTC",1,0.94500000000000000000,"NO"
6304,"2025-07-31 10:01:28.453","ðŸ’Ž $BTC above $118590.84 on Aug 1, 10:00 UTC?","BTC","118590.84","Aug 1, 10:00 UTC",2,0.44300000000000000000,"NO"
6305,"2025-07-31 10:02:17.015","ðŸ’Ž $BTC above $120962.66 on Aug 1, 10:00 UTC?","BTC","120962.66","Aug 1, 10:00 UTC",3,0.04600000000000000000,"NO"
6333,"2025-08-01 10:00:40.647","ðŸ’Ž $BTC above $112618.34 on Aug 2, 10:00 UTC?","BTC","112618.34","Aug 2, 10:00 UTC",1,0.91,"YES"
6334,"2025-08-01 10:01:26.373","ðŸ’Ž $BTC above $114916.67 on Aug 2, 10:00 UTC?","BTC","114916.67","Aug 2, 10:00 UTC",2,0.57,"NO"
6335,"2025-08-01 10:02:12.616","ðŸ’Ž $BTC above $117215.00 on Aug 2, 10:00 UTC?","BTC","117215.00","Aug 2, 10:00 UTC",3,0.15,"NO"
6388,"2025-08-02 10:00:42.418","ðŸ’Ž $BTC above $111378.96 on Aug 3, 10:00 UTC?","BTC","111378.96","Aug 3, 10:00 UTC",1,0.94100000000000000000,"YES"
6389,"2025-08-02 10:01:36.848","ðŸ’Ž $BTC above $113652.00 on Aug 3, 10:00 UTC?","BTC","113652.00","Aug 3, 10:00 UTC",2,0.50000000000000000000,"NO"
6390,"2025-08-02 10:02:24.167","ðŸ’Ž $BTC above $115925.04 on Aug 3, 10:00 UTC?","BTC","115925.04","Aug 3, 10:00 UTC",3,0.00100000000000000000000,"NO"
6415,"2025-08-03 10:00:41.405","ðŸ’Ž $BTC above $111370.61 on Aug 4, 10:00 UTC?","BTC","111370.61","Aug 4, 10:00 UTC",1,0.915,"YES"
6416,"2025-08-03 10:01:32.152","ðŸ’Ž $BTC above $113643.48 on Aug 4, 10:00 UTC?","BTC","113643.48","Aug 4, 10:00 UTC",2,0.55,"YES"
6417,"2025-08-03 10:02:18.166","ðŸ’Ž $BTC above $115916.35 on Aug 4, 10:00 UTC?","BTC","115916.35","Aug 4, 10:00 UTC",3,0.07,"NO"
6455,"2025-08-04 13:03:54.820","ðŸ’Ž $BTC above $112105.89 on Aug 5, 10:00 UTC?","BTC","112105.89","Aug 5, 10:00 UTC",1,0.96000000000000000000,"YES"
6456,"2025-08-04 13:04:42.476","ðŸ’Ž $BTC above $114393.77 on Aug 5, 10:00 UTC?","BTC","114393.77","Aug 5, 10:00 UTC",2,0.52000000000000000000,"YES"
6457,"2025-08-04 13:05:28.833","ðŸ’Ž $BTC above $116681.65 on Aug 5, 10:00 UTC?","BTC","116681.65","Aug 5, 10:00 UTC",3,0.095,"NO"
6488,"2025-08-05 10:00:42.448","ðŸ’Ž $BTC above $112389.85 on Aug 6, 10:00 UTC?","BTC","112389.85","Aug 6, 10:00 UTC",1,0.50000000000000000000,"YES"
6489,"2025-08-05 10:01:28.239","ðŸ’Ž $BTC above $114683.52 on Aug 6, 10:00 UTC?","BTC","114683.52","Aug 6, 10:00 UTC",2,0.57500000000000000000,"NO"
6490,"2025-08-05 10:02:16.255","ðŸ’Ž $BTC above $116977.19 on Aug 6, 10:00 UTC?","BTC","116977.19","Aug 6, 10:00 UTC",3,0.10400000000000000000,"NO"
6521,"2025-08-06 11:53:04.008","ðŸ’Ž $BTC above $111912.58 on Aug 7, 11:00 UTC?","BTC","111912.58","Aug 7, 11:00 UTC",1,0.91200000000000000000,"YES"
6522,"2025-08-06 11:53:49.530","ðŸ’Ž $BTC above $114196.51 on Aug 7, 11:00 UTC?","BTC","114196.51","Aug 7, 11:00 UTC",2,0.50900000000000000000,"YES"
6523,"2025-08-06 11:54:47.944","ðŸ’Ž $BTC above $116480.44 on Aug 7, 11:00 UTC?","BTC","116480.44","Aug 7, 11:00 UTC",3,0.10500000000000000000,"NO"
6551,"2025-08-07 10:00:41.228","ðŸ’Ž $BTC above $112780.20 on Aug 8, 10:00 UTC?","BTC","112780.20","Aug 8, 10:00 UTC",1,0.92500000000000000000,"YES"
6552,"2025-08-07 10:01:28.469","ðŸ’Ž $BTC above $115081.84 on Aug 8, 10:00 UTC?","BTC","115081.84","Aug 8, 10:00 UTC",2,0.57800000000000000000,"YES"
6553,"2025-08-07 10:02:15.547","ðŸ’Ž $BTC above $117383.48 on Aug 8, 10:00 UTC?","BTC","117383.48","Aug 8, 10:00 UTC",3,0.18600000000000000000,"NO"
6583,"2025-08-08 10:00:42.203","ðŸ’Ž $BTC above $114373.11 on Aug 9, 10:00 UTC?","BTC","114373.11","Aug 9, 10:00 UTC",1,0.92,"YES"
6584,"2025-08-08 10:01:27.929","ðŸ’Ž $BTC above $116707.26 on Aug 9, 10:00 UTC?","BTC","116707.26","Aug 9, 10:00 UTC",2,0.40100000000000000000,"YES"
6585,"2025-08-08 10:02:14.446","ðŸ’Ž $BTC above $119041.41 on Aug 9, 10:00 UTC?","BTC","119041.41","Aug 9, 10:00 UTC",3,0.07,"NO"
6634,"2025-08-09 10:00:42.057","ðŸ’Ž $BTC above $115166.98 on Aug 10, 10:00 UTC?","BTC","115166.98","Aug 10, 10:00 UTC",1,0.94900000000000000000,"YES"
6635,"2025-08-09 10:01:28.521","ðŸ’Ž $BTC above $117517.33 on Aug 10, 10:00 UTC?","BTC","117517.33","Aug 10, 10:00 UTC",2,0.55,"YES"
6636,"2025-08-09 10:02:16.792","ðŸ’Ž $BTC above $119867.68 on Aug 10, 10:00 UTC?","BTC","119867.68","Aug 10, 10:00 UTC",3,0.04000000000000000000,"NO"
6661,"2025-08-10 10:00:46.695","ðŸ’Ž $BTC above $115930.20 on Aug 11, 10:00 UTC?","BTC","115930.20","Aug 11, 10:00 UTC",1,0.95400000000000000000,"YES"
6662,"2025-08-10 10:01:33.771","ðŸ’Ž $BTC above $118296.12 on Aug 11, 10:00 UTC?","BTC","118296.12","Aug 11, 10:00 UTC",2,0.42600000000000000000,"YES"
6663,"2025-08-10 10:02:21.107","ðŸ’Ž $BTC above $120662.04 on Aug 11, 10:00 UTC?","BTC","120662.04","Aug 11, 10:00 UTC",3,0.08300000000000000000,"YES"
6695,"2025-08-11 10:18:58.816","ðŸ’Ž $BTC above $118793.81 on Aug 12, 10:00 UTC?","BTC","118793.81","Aug 12, 10:00 UTC",1,0.83600000000000000000,"NO"
6696,"2025-08-11 10:19:49.606","ðŸ’Ž $BTC above $121218.17 on Aug 12, 10:00 UTC?","BTC","121218.17","Aug 12, 10:00 UTC",2,0.35400000000000000000,"NO"
6697,"2025-08-11 10:20:41.821","ðŸ’Ž $BTC above $123642.53 on Aug 12, 10:00 UTC?","BTC","123642.53","Aug 12, 10:00 UTC",3,0.06500000000000000000,"NO"
6734,"2025-08-12 10:00:40.902","ðŸ’Ž $BTC above $116041.51 on Aug 13, 10:00 UTC?","BTC","116041.51","Aug 13, 10:00 UTC",1,0.93654250230391729999,"YES"
6735,"2025-08-12 10:01:28.941","ðŸ’Ž $BTC above $118409.70 on Aug 13, 10:00 UTC?","BTC","118409.70","Aug 13, 10:00 UTC",2,0.59000000000000000000,"YES"
6736,"2025-08-12 10:02:14.788","ðŸ’Ž $BTC above $120777.89 on Aug 13, 10:00 UTC?","BTC","120777.89","Aug 13, 10:00 UTC",3,0.21900000000000000000,"NO"
6746,"2025-08-12 16:03:11.472","ðŸ’Ž $BTC above $120004.68 on Aug 13, 16:00 UTC?","BTC","120004.68","Aug 13, 16:00 UTC",1,0.44800000000000000000,"YES"
6768,"2025-08-13 10:00:45.649","ðŸ’Ž $BTC above $117711.64 on Aug 14, 10:00 UTC?","BTC","117711.64","Aug 14, 10:00 UTC",1,0.95500000000000000000,"YES"
6769,"2025-08-13 10:01:33.424","ðŸ’Ž $BTC above $120113.92 on Aug 14, 10:00 UTC?","BTC","120113.92","Aug 14, 10:00 UTC",2,0.63935999964035999964036,"YES"
6770,"2025-08-13 10:02:23.066","ðŸ’Ž $BTC above $122516.20 on Aug 14, 10:00 UTC?","BTC","122516.20","Aug 14, 10:00 UTC",3,0.15500000000000000000,"NO"
6801,"2025-08-14 10:00:43.855","ðŸ’Ž $BTC above $119278.83 on Aug 15, 10:00 UTC?","BTC","119278.83","Aug 15, 10:00 UTC",1,0.83900000000000000000,"NO"
6802,"2025-08-14 10:01:28.504","ðŸ’Ž $BTC above $121713.09 on Aug 15, 10:00 UTC?","BTC","121713.09","Aug 15, 10:00 UTC",2,0.30500000000000000000,"NO"
6803,"2025-08-14 10:02:14.343","ðŸ’Ž $BTC above $124147.35 on Aug 15, 10:00 UTC?","BTC","124147.35","Aug 15, 10:00 UTC",3,0.14400000000000000000,"NO"
6838,"2025-08-15 10:00:40.424","ðŸ’Ž $BTC above $116398.98 on Aug 16, 10:00 UTC?","BTC","116398.98","Aug 16, 10:00 UTC",1,0.90200000000000000000,"YES"
6839,"2025-08-15 10:01:25.987","ðŸ’Ž $BTC above $118774.47 on Aug 16, 10:00 UTC?","BTC","118774.47","Aug 16, 10:00 UTC",2,0.542,"NO"
6840,"2025-08-15 10:02:11.649","ðŸ’Ž $BTC above $121149.96 on Aug 16, 10:00 UTC?","BTC","121149.96","Aug 16, 10:00 UTC",3,0.125,"NO"
6886,"2025-08-16 10:00:40.533","ðŸ’Ž $BTC above $115042.40 on Aug 17, 10:00 UTC?","BTC","115042.40","Aug 17, 10:00 UTC",1,0.99900000000000000000,"YES"
6887,"2025-08-16 10:01:26.372","ðŸ’Ž $BTC above $117390.20 on Aug 17, 10:00 UTC?","BTC","117390.20","Aug 17, 10:00 UTC",2,0.60000000000000000000,"YES"
6888,"2025-08-16 10:02:12.137","ðŸ’Ž $BTC above $119738.00 on Aug 17, 10:00 UTC?","BTC","119738.00","Aug 17, 10:00 UTC",3,0.00100000000000000000,"NO"
6913,"2025-08-17 10:00:40.555","ðŸ’Ž $BTC above $116029.50 on Aug 18, 10:00 UTC?","BTC","116029.50","Aug 18, 10:00 UTC",1,0.97800000000000000000,"NO"
6914,"2025-08-17 10:01:27.810","ðŸ’Ž $BTC above $118397.45 on Aug 18, 10:00 UTC?","BTC","118397.45","Aug 18, 10:00 UTC",2,0.49,"NO"
6915,"2025-08-17 10:02:13.870","ðŸ’Ž $BTC above $120765.40 on Aug 18, 10:00 UTC?","BTC","120765.40","Aug 18, 10:00 UTC",3,0.06600000000000000000,"NO"
6948,"2025-08-18 10:00:43.425","ðŸ’Ž $BTC above $112796.46 on Aug 19, 10:00 UTC?","BTC","112796.46","Aug 19, 10:00 UTC",1,0.92000000000000000000,"YES"
6949,"2025-08-18 10:01:32.928","ðŸ’Ž $BTC above $115098.43 on Aug 19, 10:00 UTC?","BTC","115098.43","Aug 19, 10:00 UTC",2,0.53200000000000000000,"YES"
6952,"2025-08-18 10:02:20.420","ðŸ’Ž $BTC above $117400.40 on Aug 19, 10:00 UTC?","BTC","117400.40","Aug 19, 10:00 UTC",3,0.09200000000000000000,"NO"
6996,"2025-08-19 10:00:36.735","ðŸ’Ž $BTC above $113061.75 on Aug 20, 10:00 UTC?","BTC","113061.75","Aug 20, 10:00 UTC",1,0.897,"YES"
6997,"2025-08-19 10:01:18.588","ðŸ’Ž $BTC above $115369.13 on Aug 20, 10:00 UTC?","BTC","115369.13","Aug 20, 10:00 UTC",2,0.33000000000000000000,"NO"
6998,"2025-08-19 10:01:55.786","ðŸ’Ž $BTC above $117676.51 on Aug 20, 10:00 UTC?","BTC","117676.51","Aug 20, 10:00 UTC",3,0.154,"NO"
7034,"2025-08-20 10:00:53.049","ðŸ’Ž $BTC above $111413.38 on Aug 21, 10:00 UTC?","BTC","111413.38","Aug 21, 10:00 UTC",1,0.94500000000000000000,"YES"
7035,"2025-08-20 10:01:48.806","ðŸ’Ž $BTC above $113687.12 on Aug 21, 10:00 UTC?","BTC","113687.12","Aug 21, 10:00 UTC",2,0.48,"NO"
7036,"2025-08-20 10:02:24.922","ðŸ’Ž $BTC above $115960.86 on Aug 21, 10:00 UTC?","BTC","115960.86","Aug 21, 10:00 UTC",3,0.06600000000000000000,"NO"
7063,"2025-08-21 10:00:52.672","ðŸ’Ž $BTC above $111100.94 on Aug 22, 10:00 UTC?","BTC","111100.94","Aug 22, 10:00 UTC",1,0.94600000000000000000,"YES"
7064,"2025-08-21 10:01:38.759","ðŸ’Ž $BTC above $113368.31 on Aug 22, 10:00 UTC?","BTC","113368.31","Aug 22, 10:00 UTC",2,0.5,"NO"
7066,"2025-08-21 10:02:29.484","ðŸ’Ž $BTC above $115635.68 on Aug 22, 10:00 UTC?","BTC","115635.68","Aug 22, 10:00 UTC",3,0.10000000000000000000,"NO"
7094,"2025-08-22 10:00:32.064","ðŸ’Ž $BTC above $110766.19 on Aug 23, 10:00 UTC?","BTC","110766.19","Aug 23, 10:00 UTC",1,0.85,"YES"
7095,"2025-08-22 10:01:17.994","ðŸ’Ž $BTC above $113026.72 on Aug 23, 10:00 UTC?","BTC","113026.72","Aug 23, 10:00 UTC",2,0.39000000000000000000,"YES"
7096,"2025-08-22 10:01:52.681","ðŸ’Ž $BTC above $115287.25 on Aug 23, 10:00 UTC?","BTC","115287.25","Aug 23, 10:00 UTC",3,0.67680178912120471117,"YES"
7160,"2025-08-23 10:01:05.738","ðŸ’Ž $BTC above $113398.47 on Aug 24, 10:00 UTC?","BTC","113398.47","Aug 24, 10:00 UTC",1,0.99900000000000000000000,"YES"
7161,"2025-08-23 10:01:52.409","ðŸ’Ž $BTC above $115712.72 on Aug 24, 10:00 UTC?","BTC","115712.72","Aug 24, 10:00 UTC",2,0.46,"NO"
7162,"2025-08-23 10:02:26.025","ðŸ’Ž $BTC above $118026.97 on Aug 24, 10:00 UTC?","BTC","118026.97","Aug 24, 10:00 UTC",3,0.04000000000000000000,"NO"
7187,"2025-08-24 10:00:37.002","ðŸ’Ž $BTC above $112505.11 on Aug 25, 10:00 UTC?","BTC","112505.11","Aug 25, 10:00 UTC",1,0.98500000000000000000,"NO"
7188,"2025-08-24 10:01:17.677","ðŸ’Ž $BTC above $114801.13 on Aug 25, 10:00 UTC?","BTC","114801.13","Aug 25, 10:00 UTC",2,0.53300000000000000000,"NO"
7189,"2025-08-24 10:01:58.914","ðŸ’Ž $BTC above $117097.15 on Aug 25, 10:00 UTC?","BTC","117097.15","Aug 25, 10:00 UTC",3,0.02982499390378404781,"NO"
7218,"2025-08-25 10:00:49.805","ðŸ’Ž $BTC above $109533.81 on Aug 26, 10:00 UTC?","BTC","109533.81","Aug 26, 10:00 UTC",1,0.839,"YES"
7219,"2025-08-25 10:01:24.625","ðŸ’Ž $BTC above $111769.19 on Aug 26, 10:00 UTC?","BTC","111769.19","Aug 26, 10:00 UTC",2,0.374,"NO"
7221,"2025-08-25 10:02:01.005","ðŸ’Ž $BTC above $114004.57 on Aug 26, 10:00 UTC?","BTC","114004.57","Aug 26, 10:00 UTC",3,0.08400000000000000000,"NO"
7267,"2025-08-26 10:00:35.863","ðŸ’Ž $BTC above $107958.40 on Aug 27, 10:00 UTC?","BTC","107958.40","Aug 27, 10:00 UTC",1,0.823,"YES"
7268,"2025-08-26 10:01:21.939","ðŸ’Ž $BTC above $110161.63 on Aug 27, 10:00 UTC?","BTC","110161.63","Aug 27, 10:00 UTC",2,0.56000000000000000000,"YES"
7269,"2025-08-26 10:01:56.098","ðŸ’Ž $BTC above $112364.86 on Aug 27, 10:00 UTC?","BTC","112364.86","Aug 27, 10:00 UTC",3,0.14300000000000000000,"NO"
7308,"2025-08-27 10:00:32.167","ðŸ’Ž $BTC above $108599.97 on Aug 28, 10:00 UTC?","BTC","108599.97","Aug 28, 10:00 UTC",1,0.99900000000000000000,"YES"
7309,"2025-08-27 10:01:22.124","ðŸ’Ž $BTC above $110816.30 on Aug 28, 10:00 UTC?","BTC","110816.30","Aug 28, 10:00 UTC",2,0.99900000000000000000,"YES"
7310,"2025-08-27 10:01:58.793","ðŸ’Ž $BTC above $113032.63 on Aug 28, 10:00 UTC?","BTC","113032.63","Aug 28, 10:00 UTC",3,0.12400000000000000000,"NO"
7338,"2025-08-28 10:00:53.996","ðŸ’Ž $BTC above $110605.36 on Aug 29, 10:00 UTC?","BTC","110605.36","Aug 29, 10:00 UTC",1,0.97500000000000000000,"NO"
7339,"2025-08-28 10:01:37.445","ðŸ’Ž $BTC above $112862.61 on Aug 29, 10:00 UTC?","BTC","112862.61","Aug 29, 10:00 UTC",2,0.52,"NO"
7340,"2025-08-28 10:02:23.993","ðŸ’Ž $BTC above $115119.86 on Aug 29, 10:00 UTC?","BTC","115119.86","Aug 29, 10:00 UTC",3,0.10666666666666666667,"NO"
7373,"2025-08-29 10:00:41.911","ðŸ’Ž $BTC above $107579.55 on Aug 30, 10:00 UTC?","BTC","107579.55","Aug 30, 10:00 UTC",1,0.92400000000000000000,"YES"
7374,"2025-08-29 10:01:20.678","ðŸ’Ž $BTC above $109775.05 on Aug 30, 10:00 UTC?","BTC","109775.05","Aug 30, 10:00 UTC",2,0.626,"NO"
7375,"2025-08-29 10:01:56.407","ðŸ’Ž $BTC above $111970.55 on Aug 30, 10:00 UTC?","BTC","111970.55","Aug 30, 10:00 UTC",3,0.19000000000000000000,"NO"
7433,"2025-08-30 10:00:33.961","ðŸ’Ž $BTC above $106353.89 on Aug 31, 10:00 UTC?","BTC","106353.89","Aug 31, 10:00 UTC",1,0.94600000000000000000,"YES"
7434,"2025-08-30 10:01:34.538","ðŸ’Ž $BTC above $108524.38 on Aug 31, 10:00 UTC?","BTC","108524.38","Aug 31, 10:00 UTC",2,0.98000000000000000000,"NO"
7435,"2025-08-30 10:02:19.574","ðŸ’Ž $BTC above $110694.87 on Aug 31, 10:00 UTC?","BTC","110694.87","Aug 31, 10:00 UTC",3,0.051,"NO"
7460,"2025-08-31 10:00:41.873","ðŸ’Ž $BTC above $106340.14 on Sep 1, 10:00 UTC?","BTC","106340.14","Sep 1, 10:00 UTC",1,0.99500000000000000000,"YES"
7461,"2025-08-31 10:01:16.175","ðŸ’Ž $BTC above $108510.35 on Sep 1, 10:00 UTC?","BTC","108510.35","Sep 1, 10:00 UTC",2,0.66867469758133473208,"YES"
7462,"2025-08-31 10:01:54.721","ðŸ’Ž $BTC above $110680.56 on Sep 1, 10:00 UTC?","BTC","110680.56","Sep 1, 10:00 UTC",3,0.09460226668939013273,"NO"
7487,"2025-09-01 10:00:32.536","ðŸ’Ž $BTC above $107331.87 on Sep 2, 10:00 UTC?","BTC","107331.87","Sep 2, 10:00 UTC",1,0.83000000000000000000,"YES"
7490,"2025-09-01 10:01:09.200","ðŸ’Ž $BTC above $109522.32 on Sep 2, 10:00 UTC?","BTC","109522.32","Sep 2, 10:00 UTC",2,0.394,"YES"
7492,"2025-09-01 10:01:47.812","ðŸ’Ž $BTC above $111712.77 on Sep 2, 10:00 UTC?","BTC","111712.77","Sep 2, 10:00 UTC",3,0.14800000000000000000,"NO"
7524,"2025-09-02 10:00:43.351","ðŸ’Ž $BTC above $108227.99 on Sep 3, 10:00 UTC?","BTC","108227.99","Sep 3, 10:00 UTC",1,0.55700000000000000000,"YES"
7525,"2025-09-02 10:01:31.049","ðŸ’Ž $BTC above $110436.72 on Sep 3, 10:00 UTC?","BTC","110436.72","Sep 3, 10:00 UTC",2,0.42900000000000000000,"YES"
7526,"2025-09-02 10:02:16.678","ðŸ’Ž $BTC above $112645.45 on Sep 3, 10:00 UTC?","BTC","112645.45","Sep 3, 10:00 UTC",3,0.06,"NO"
7555,"2025-09-03 10:01:02.469","ðŸ’Ž $BTC above $109097.18 on Sep 4, 10:00 UTC?","BTC","109097.18","Sep 4, 10:00 UTC",1,0.88311456239155904959,"YES"
7556,"2025-09-03 10:01:52.984","ðŸ’Ž $BTC above $111323.65 on Sep 4, 10:00 UTC?","BTC","111323.65","Sep 4, 10:00 UTC",2,0.51000000000000000000,"NO"
7557,"2025-09-03 10:02:28.918","ðŸ’Ž $BTC above $113550.12 on Sep 4, 10:00 UTC?","BTC","113550.12","Sep 4, 10:00 UTC",3,0.08000000000000000000,"NO"
7590,"2025-09-04 10:00:39.726","ðŸ’Ž $BTC above $108623.70 on Sep 5, 10:00 UTC?","BTC","108623.70","Sep 5, 10:00 UTC",1,0.89000000000000000000,"YES"
7591,"2025-09-04 10:01:21.994","ðŸ’Ž $BTC above $110840.51 on Sep 5, 10:00 UTC?","BTC","110840.51","Sep 5, 10:00 UTC",2,0.47900000000000000000,"YES"
7592,"2025-09-04 10:02:14.503","ðŸ’Ž $BTC above $113057.32 on Sep 5, 10:00 UTC?","BTC","113057.32","Sep 5, 10:00 UTC",3,0.17000000000000000000,"NO"
7628,"2025-09-05 08:00:36.741","ðŸ’Ž $BTC above $110708.90 on Sep 6, 08:00 UTC?","BTC","110708.90","Sep 6, 08:00 UTC",1,0.81000000000000000000,"YES"
7631,"2025-09-05 08:01:12.758","ðŸ’Ž $BTC above $112968.27 on Sep 6, 08:00 UTC?","BTC","112968.27","Sep 6, 08:00 UTC",2,0.41800000000000000000,"NO"
7633,"2025-09-05 08:01:53.160","ðŸ’Ž $BTC above $115227.64 on Sep 6, 08:00 UTC?","BTC","115227.64","Sep 6, 08:00 UTC",3,0.061,"NO"
7702,"2025-09-06 08:00:31.879","ðŸ’Ž $BTC above $108614.43 on Sep 7, 08:00 UTC?","BTC","108614.43","Sep 7, 08:00 UTC",1,0.88600000000000000000,"YES"
7703,"2025-09-06 08:01:10.030","ðŸ’Ž $BTC above $110831.05 on Sep 7, 08:00 UTC?","BTC","110831.05","Sep 7, 08:00 UTC",2,0.50000000000000000000,"NO"
7704,"2025-09-06 08:01:43.524","ðŸ’Ž $BTC above $113047.67 on Sep 7, 08:00 UTC?","BTC","113047.67","Sep 7, 08:00 UTC",3,0.11600000000000000000,"NO"
7731,"2025-09-07 08:00:32.861","ðŸ’Ž $BTC above $108554.22 on Sep 8, 08:00 UTC?","BTC","108554.22","Sep 8, 08:00 UTC",1,0.91500000000000000000,"YES"
7732,"2025-09-07 08:01:08.438","ðŸ’Ž $BTC above $110769.61 on Sep 8, 08:00 UTC?","BTC","110769.61","Sep 8, 08:00 UTC",2,0.513,"YES"
7733,"2025-09-07 08:01:44.526","ðŸ’Ž $BTC above $112985.00 on Sep 8, 08:00 UTC?","BTC","112985.00","Sep 8, 08:00 UTC",3,0.19739130379169753208754,"NO"
7760,"2025-09-08 08:00:36.621","ðŸ’Ž $BTC above $109048.92 on Sep 9, 08:00 UTC?","BTC","109048.92","Sep 9, 08:00 UTC",1,0.99900000000000000000,"YES"
7762,"2025-09-08 08:01:13.863","ðŸ’Ž $BTC above $111274.41 on Sep 9, 08:00 UTC?","BTC","111274.41","Sep 9, 08:00 UTC",2,0.69000000000000000000,"YES"
7763,"2025-09-08 08:01:47.626","ðŸ’Ž $BTC above $113499.90 on Sep 9, 08:00 UTC?","BTC","113499.90","Sep 9, 08:00 UTC",3,0.996,"NO"
7799,"2025-09-09 08:00:42.049","ðŸ’Ž $BTC above $110742.09 on Sep 10, 08:00 UTC?","BTC","110742.09","Sep 10, 08:00 UTC",1,0.99900000000000000000,"YES"
7802,"2025-09-09 08:01:22.976","ðŸ’Ž $BTC above $113002.13 on Sep 10, 08:00 UTC?","BTC","113002.13","Sep 10, 08:00 UTC",2,0.50000000000000000000,"NO"
7803,"2025-09-09 08:02:03.752","ðŸ’Ž $BTC above $115262.17 on Sep 10, 08:00 UTC?","BTC","115262.17","Sep 10, 08:00 UTC",3,0.17400000000000000000,"NO"
7836,"2025-09-10 08:00:35.956","ðŸ’Ž $BTC above $110294.97 on Sep 11, 08:00 UTC?","BTC","110294.97","Sep 11, 08:00 UTC",1,0.96300000000000000000,"YES"
7839,"2025-09-10 08:01:17.716","ðŸ’Ž $BTC above $112545.89 on Sep 11, 08:00 UTC?","BTC","112545.89","Sep 11, 08:00 UTC",2,0.00200000000000000000,"YES"
7840,"2025-09-10 08:01:52.748","ðŸ’Ž $BTC above $114796.81 on Sep 11, 08:00 UTC?","BTC","114796.81","Sep 11, 08:00 UTC",3,0.4,"NO"
7872,"2025-09-11 08:00:33.845","ðŸ’Ž $BTC above $112400.93 on Sep 12, 08:00 UTC?","BTC","112400.93","Sep 12, 08:00 UTC",1,0.99800000000000000000,"YES"
7875,"2025-09-11 08:01:21.760","ðŸ’Ž $BTC above $114112.62 on Sep 12, 08:00 UTC?","BTC","114112.62","Sep 12, 08:00 UTC",2,0.445,"YES"
7876,"2025-09-11 08:01:55.719","ðŸ’Ž $BTC above $115824.31 on Sep 12, 08:00 UTC?","BTC","115824.31","Sep 12, 08:00 UTC",3,0.16400000000000000000,"NO"
7914,"2025-09-12 08:00:44.493","ðŸ’Ž $BTC above $113392.90 on Sep 13, 08:00 UTC?","BTC","113392.90","Sep 13, 08:00 UTC",1,0.84000000000000000000,"YES"
7916,"2025-09-12 08:01:40.943","ðŸ’Ž $BTC above $115119.70 on Sep 13, 08:00 UTC?","BTC","115119.70","Sep 13, 08:00 UTC",2,0.48100000000000000000,"YES"
7918,"2025-09-12 08:02:33.371","ðŸ’Ž $BTC above $116846.50 on Sep 13, 08:00 UTC?","BTC","116846.50","Sep 13, 08:00 UTC",3,0.999,"NO"
8008,"2025-09-13 08:00:32.794","ðŸ’Ž $BTC above $114108.64 on Sep 14, 08:00 UTC?","BTC","114108.64","Sep 14, 08:00 UTC",1,0.99800000000000000000,"YES"
8009,"2025-09-13 08:01:14.627","ðŸ’Ž $BTC above $115846.33 on Sep 14, 08:00 UTC?","BTC","115846.33","Sep 14, 08:00 UTC",2,0.52000000000000000000,"YES"
8010,"2025-09-13 08:01:52.445","ðŸ’Ž $BTC above $117584.02 on Sep 14, 08:00 UTC?","BTC","117584.02","Sep 14, 08:00 UTC",3,0.10500000000000000000,"NO"
8069,"2025-09-14 08:00:34.381","ðŸ’Ž $BTC above $114130.38 on Sep 15, 08:00 UTC?","BTC","114130.38","Sep 15, 08:00 UTC",1,0.86500000000000000000,"YES"
8070,"2025-09-14 08:01:15.256","ðŸ’Ž $BTC above $115868.41 on Sep 15, 08:00 UTC?","BTC","115868.41","Sep 15, 08:00 UTC",2,0.52,"NO"
8071,"2025-09-14 08:02:00.907","ðŸ’Ž $BTC above $117606.44 on Sep 15, 08:00 UTC?","BTC","117606.44","Sep 15, 08:00 UTC",3,0.05000000000000000000,"NO"
8134,"2025-09-15 08:54:16.323","ðŸ’Ž $BTC above $113229.76 on Sep 16, 08:00 UTC?","BTC","113229.76","Sep 16, 08:00 UTC",2,,"YES"
8135,"2025-09-15 08:55:07.086","ðŸ’Ž $BTC above $114954.07 on Sep 16, 08:00 UTC?","BTC","114954.07","Sep 16, 08:00 UTC",3,0.54000000000000000000,"YES"
8136,"2025-09-15 08:56:48.027","ðŸ’Ž $BTC above $116678.38 on Sep 16, 08:00 UTC?","BTC","116678.38","Sep 16, 08:00 UTC",4,0.54000000000000000000,"NO"
8139,"2025-09-15 09:01:37.723","ðŸ’Ž $BTC above $113229.76 on Sep 16, 08:00 UTC?","BTC","113229.76","Sep 16, 08:00 UTC",1,0.98814591329400056376,"YES"
8215,"2025-09-16 08:00:40.291","ðŸ’Ž $BTC above $114124.29 on Sep 17, 08:00 UTC?","BTC","114124.29","Sep 17, 08:00 UTC",1,0.85000000000000000000,"YES"
8218,"2025-09-16 08:01:22.779","ðŸ’Ž $BTC above $115862.22 on Sep 17, 08:00 UTC?","BTC","115862.22","Sep 17, 08:00 UTC",2,0.49200000000000000000,"YES"
8219,"2025-09-16 08:02:05.599","ðŸ’Ž $BTC above $117600.15 on Sep 17, 08:00 UTC?","BTC","117600.15","Sep 17, 08:00 UTC",3,0.1209999761614074528811,"NO"
8332,"2025-09-17 16:00:35.093","ðŸ’Ž $BTC above $114170.31 on Sep 18, 16:00 UTC?","BTC","114170.31","Sep 18, 16:00 UTC",1,0.77000000000000000000,"YES"
8340,"2025-09-17 16:01:14.909","ðŸ’Ž $BTC above $115908.94 on Sep 18, 16:00 UTC?","BTC","115908.94","Sep 18, 16:00 UTC",2,0.45300000000000000000,"YES"
8344,"2025-09-17 16:01:53.918","ðŸ’Ž $BTC above $117647.57 on Sep 18, 16:00 UTC?","BTC","117647.57","Sep 18, 16:00 UTC",3,0.20000000000000000000,"NO"
8493,"2025-09-19 12:00:39.491","ðŸ’Ž $BTC above $114694.09 on Sep 20, 12:00 UTC?","BTC","114694.09","Sep 20, 12:00 UTC",1,0.91512280038744078360,"YES"
8494,"2025-09-19 12:01:27.297","ðŸ’Ž $BTC above $116440.70 on Sep 20, 12:00 UTC?","BTC","116440.70","Sep 20, 12:00 UTC",2,0.48,"NO"
8495,"2025-09-19 12:02:02.414","ðŸ’Ž $BTC above $118187.31 on Sep 20, 12:00 UTC?","BTC","118187.31","Sep 20, 12:00 UTC",3,0.05000000000000000000,"NO"
8678,"2025-09-21 12:00:42.825","ðŸ’Ž $BTC above $113939.63 on Sep 22, 12:00 UTC?","BTC","113939.63","Sep 22, 12:00 UTC",1,0.93000000000000000000,"NO"
8679,"2025-09-21 12:01:18.456","ðŸ’Ž $BTC above $115674.75 on Sep 22, 12:00 UTC?","BTC","115674.75","Sep 22, 12:00 UTC",2,0.51000000000000000000,"NO"
8680,"2025-09-21 12:01:59.802","ðŸ’Ž $BTC above $117409.87 on Sep 22, 12:00 UTC?","BTC","117409.87","Sep 22, 12:00 UTC",3,0.50000000000000000000,"NO"
8773,"2025-09-22 12:00:46.392","ðŸ’Ž $BTC above $111260.66 on Sep 23, 12:00 UTC?","BTC","111260.66","Sep 23, 12:00 UTC",1,0.00500000000000000000,"YES"
8774,"2025-09-22 12:01:23.810","ðŸ’Ž $BTC above $112954.98 on Sep 23, 12:00 UTC?","BTC","112954.98","Sep 23, 12:00 UTC",2,0.46800000000000000000,"YES"
8775,"2025-09-22 12:01:58.499","ðŸ’Ž $BTC above $114649.30 on Sep 23, 12:00 UTC?","BTC","114649.30","Sep 23, 12:00 UTC",3,0.13700000000000000000,"NO"
8842,"2025-09-23 08:00:42.037","ðŸ’Ž $BTC above $111455.71 on Sep 24, 08:00 UTC?","BTC","111455.71","Sep 24, 08:00 UTC",1,0.88300000000000000000,"YES"
8844,"2025-09-23 08:01:19.803","ðŸ’Ž $BTC above $113153.00 on Sep 24, 08:00 UTC?","BTC","113153.00","Sep 24, 08:00 UTC",2,0.57500000000000000000,"NO"
8846,"2025-09-23 08:02:04.029","ðŸ’Ž $BTC above $114850.29 on Sep 24, 08:00 UTC?","BTC","114850.29","Sep 24, 08:00 UTC",3,0.14500000000000000000,"NO"
8932,"2025-09-24 08:00:32.748","ðŸ’Ž $BTC above $110920.36 on Sep 25, 08:00 UTC?","BTC","110920.36","Sep 25, 08:00 UTC",1,0.90000000000000000000,"YES"
8934,"2025-09-24 08:01:11.597","ðŸ’Ž $BTC above $112609.50 on Sep 25, 08:00 UTC?","BTC","112609.50","Sep 25, 08:00 UTC",2,0.561,"YES"
8936,"2025-09-24 08:01:45.488","ðŸ’Ž $BTC above $114298.64 on Sep 25, 08:00 UTC?","BTC","114298.64","Sep 25, 08:00 UTC",3,0.07600000000000000000,"YES"
